{
    "extends": "tslint:latest",
    "rules": {
        "arrow-parens": false,
        "max-classes-per-file": false,
        "no-reference": false,
        "no-shadowed-variable": false,
        "no-this-assignment": false,
        "object-literal-sort-keys": false,
        "ordered-imports": false,
        "semicolon": [true, "always", "ignore-bound-class-methods"],
        "space-before-function-parent": false,
        "trailing-comma": false,
        "unified-signatures": false,
        "variable-name": false
    }
}
